{
  "config": {
    "draft": "Qwen2.5-7B",
    "target": "Qwen2.5-14B",
    "gamma": 5,
    "max_tokens": 128,
    "num_trials": 3
  },
  "methods": {
    "autoregressive": {
      "throughput": {
        "mean": 39.5106802100617,
        "std": 4.337222520093607,
        "median": 41.91595855302966,
        "min": 34.50377024663294,
        "max": 42.11231183052248,
        "n_trials": 3,
        "ci_confidence": 0.95,
        "ci_lower": 28.736422183644365,
        "ci_upper": 50.284938236479036
      }
    },
    "vanilla_spec": {
      "throughput": {
        "mean": 27.800773285542192,
        "std": 6.117013855891848,
        "median": 25.35532760609988,
        "min": 23.284793738412684,
        "max": 34.76219851211402,
        "n_trials": 3,
        "ci_confidence": 0.95,
        "ci_lower": 12.605268482821952,
        "ci_upper": 42.99627808826243
      },
      "acceptance_rate": {
        "mean": 0.6829982227094545,
        "std": 0.19544868015710157,
        "median": 0.60625,
        "min": 0.5375722543352601,
        "max": 0.9051724137931034,
        "n_trials": 3,
        "ci_confidence": 0.95,
        "ci_lower": 0.1974767856193701,
        "ci_upper": 1.1685196597995389
      }
    },
    "specquant_4bit": {
      "throughput": {
        "mean": 17.861809679332694,
        "std": 1.2049890341463203,
        "median": 18.086395745551265,
        "min": 16.56032810080337,
        "max": 18.938705191643454,
        "n_trials": 3,
        "ci_confidence": 0.95,
        "ci_lower": 14.868450977364214,
        "ci_upper": 20.855168381301176
      },
      "acceptance_rate": {
        "mean": 0.8882716229160194,
        "std": 0.07654609430835155,
        "median": 0.9051724137931034,
        "min": 0.8046875,
        "max": 0.954954954954955,
        "n_trials": 3,
        "ci_confidence": 0.95,
        "ci_lower": 0.698120583357446,
        "ci_upper": 1.0784226624745927
      }
    },
    "rtn_4bit": {
      "throughput": {
        "mean": 31.987986303534566,
        "std": 1.104647798506636,
        "median": 31.751185965264224,
        "min": 31.02094142173816,
        "max": 33.19183152360131,
        "n_trials": 3,
        "ci_confidence": 0.95,
        "ci_lower": 29.24388904906225,
        "ci_upper": 34.73208355800688
      },
      "acceptance_rate": {
        "mean": 0.889994502642724,
        "std": 0.027534454065163284,
        "median": 0.8974358974358975,
        "min": 0.859504132231405,
        "max": 0.9130434782608695,
        "n_trials": 3,
        "ci_confidence": 0.95,
        "ci_lower": 0.8215951269269947,
        "ci_upper": 0.9583938783584532
      }
    },
    "kivi_4bit": {
      "throughput": {
        "mean": 25.50076748894961,
        "std": 6.66586776151098,
        "median": 27.625230942252195,
        "min": 18.03160324426462,
        "max": 30.84546828033202,
        "n_trials": 3,
        "ci_confidence": 0.95,
        "ci_lower": 8.941834001039428,
        "ci_upper": 42.05970097685979
      },
      "acceptance_rate": {
        "mean": 0.6781617200614307,
        "std": 0.2232910422756167,
        "median": 0.7555555555555555,
        "min": 0.4264705882352941,
        "max": 0.8524590163934426,
        "n_trials": 3,
        "ci_confidence": 0.95,
        "ci_lower": 0.12347602124853396,
        "ci_upper": 1.2328474188743275
      }
    },
    "absmax_4bit": {
      "throughput": {
        "mean": 28.540219346245863,
        "std": 6.204152070549147,
        "median": 30.779405899927198,
        "min": 21.52732176724509,
        "max": 33.3139303715653,
        "n_trials": 3,
        "ci_confidence": 0.95,
        "ci_lower": 13.128251218360832,
        "ci_upper": 43.952187474130895
      },
      "acceptance_rate": {
        "mean": 0.7170940170940171,
        "std": 0.19243300760284812,
        "median": 0.7846153846153846,
        "min": 0.5,
        "max": 0.8666666666666667,
        "n_trials": 3,
        "ci_confidence": 0.95,
        "ci_lower": 0.23906392592224412,
        "ci_upper": 1.19512410826579
      }
    }
  }
}
