{
  "config": {
    "draft": "Qwen2.5-1.5B",
    "target": "Qwen2.5-7B",
    "gamma": 5,
    "max_tokens": 128,
    "num_trials": 3,
    "num_prompts": 3
  },
  "methods": {
    "autoregressive": {
      "throughput": {
        "mean": 40.73083208129082,
        "std": 18.51306817658735,
        "median": 42.148843866234685,
        "min": 19.190710409642744,
        "max": 66.20027288322481,
        "n_trials": 9,
        "ci_confidence": 0.95,
        "ci_lower": 26.500428157781798,
        "ci_upper": 54.961236004799844
      }
    },
    "vanilla_spec": {
      "throughput": {
        "mean": 33.687631679784445,
        "std": 9.100184890386073,
        "median": 33.80180454835892,
        "min": 22.33753282573409,
        "max": 49.27170014690293,
        "n_trials": 9,
        "ci_confidence": 0.95,
        "ci_lower": 26.692610350333528,
        "ci_upper": 40.682653009235366
      },
      "acceptance_rate": {
        "mean": 0.6549853429724625,
        "std": 0.22945743495041823,
        "median": 0.6258064516129033,
        "min": 0.33195020746887965,
        "max": 1.0,
        "n_trials": 9,
        "ci_confidence": 0.95,
        "ci_lower": 0.47860874502279405,
        "ci_upper": 0.8313619409221309
      },
      "wall_time": {
        "mean": 4.049311288735932,
        "std": 1.0705287330625126,
        "median": 3.7867800761014223,
        "min": 2.597840131726116,
        "max": 5.73026578174904,
        "n_trials": 9,
        "ci_confidence": 0.95,
        "ci_lower": 3.226430060303589,
        "ci_upper": 4.872192517168276
      }
    },
    "specquant_3bit_bs32": {
      "throughput": {
        "mean": 10.728846792321004,
        "std": 2.0421485095140324,
        "median": 10.296437100246795,
        "min": 7.512734163030725,
        "max": 14.194385378511347,
        "n_trials": 9,
        "ci_confidence": 0.95,
        "ci_lower": 9.15911248977421,
        "ci_upper": 12.298581094867798
      },
      "acceptance_rate": {
        "mean": 0.21448837802508772,
        "std": 0.06193472911924641,
        "median": 0.20766773162939298,
        "min": 0.12307692307692308,
        "max": 0.32113821138211385,
        "n_trials": 9,
        "ci_confidence": 0.95,
        "ci_lower": 0.166881130871177,
        "ci_upper": 0.2620956251789984
      },
      "wall_time": {
        "mean": 12.325634045526385,
        "std": 2.3922993727845343,
        "median": 12.431484673172235,
        "min": 9.017650048714131,
        "max": 17.037738488055766,
        "n_trials": 9,
        "ci_confidence": 0.95,
        "ci_lower": 10.486749963430562,
        "ci_upper": 14.164518127622209
      }
    },
    "specquant_3bit_bs64": {
      "throughput": {
        "mean": 12.62063575517788,
        "std": 2.872973118591638,
        "median": 11.607631111801545,
        "min": 9.143098796205363,
        "max": 19.180091234340495,
        "n_trials": 9,
        "ci_confidence": 0.95,
        "ci_lower": 10.412273124576972,
        "ci_upper": 14.828998385778787
      },
      "acceptance_rate": {
        "mean": 0.2576031050045974,
        "std": 0.10343257573166828,
        "median": 0.22039473684210525,
        "min": 0.13385826771653545,
        "max": 0.4918918918918919,
        "n_trials": 9,
        "ci_confidence": 0.95,
        "ci_lower": 0.17809778922058234,
        "ci_upper": 0.3371084207886124
      },
      "wall_time": {
        "mean": 10.544083352407647,
        "std": 2.055051566690496,
        "median": 11.027228447142988,
        "min": 6.673586607910693,
        "max": 13.999629978090525,
        "n_trials": 9,
        "ci_confidence": 0.95,
        "ci_lower": 8.964430882125619,
        "ci_upper": 12.123735822689675
      }
    },
    "specquant_3bit_bs128": {
      "throughput": {
        "mean": 11.820891269491476,
        "std": 1.0057506534456158,
        "median": 12.067504046520028,
        "min": 10.17503332484176,
        "max": 13.42151006607629,
        "n_trials": 9,
        "ci_confidence": 0.95,
        "ci_lower": 11.047802880881516,
        "ci_upper": 12.593979658101436
      },
      "acceptance_rate": {
        "mean": 0.22788954614450516,
        "std": 0.03689754415698213,
        "median": 0.23793103448275862,
        "min": 0.166189111747851,
        "max": 0.2830188679245283,
        "n_trials": 9,
        "ci_confidence": 0.95,
        "ci_lower": 0.19952758300954546,
        "ci_upper": 0.25625150927946483
      },
      "wall_time": {
        "mean": 10.900070938695636,
        "std": 0.9528658496547322,
        "median": 10.606998722068965,
        "min": 9.536929851397872,
        "max": 12.579811378847808,
        "n_trials": 9,
        "ci_confidence": 0.95,
        "ci_lower": 10.167633408829422,
        "ci_upper": 11.63250846856185
      }
    },
    "specquant_4bit_bs32": {
      "throughput": {
        "mean": 11.27662760281013,
        "std": 1.1200874150927378,
        "median": 11.556651736237065,
        "min": 8.922636328108123,
        "max": 12.786424592807963,
        "n_trials": 9,
        "ci_confidence": 0.95,
        "ci_lower": 10.415652199145464,
        "ci_upper": 12.137603006474796
      },
      "acceptance_rate": {
        "mean": 0.2085686367771545,
        "std": 0.039945481941868505,
        "median": 0.2185430463576159,
        "min": 0.12373737373737374,
        "max": 0.2608695652173913,
        "n_trials": 9,
        "ci_confidence": 0.95,
        "ci_lower": 0.17786382126359715,
        "ci_upper": 0.23927345229071187
      },
      "wall_time": {
        "mean": 11.463027430129134,
        "std": 1.277919813787129,
        "median": 11.07587239984423,
        "min": 10.010617047082633,
        "max": 14.345535926055163,
        "n_trials": 9,
        "ci_confidence": 0.95,
        "ci_lower": 10.480731305111648,
        "ci_upper": 12.44532355514662
      }
    },
    "specquant_4bit_bs64": {
      "throughput": {
        "mean": 12.426174741427259,
        "std": 1.1458555324426831,
        "median": 12.525766901555986,
        "min": 10.438304904112446,
        "max": 13.954148022695993,
        "n_trials": 9,
        "ci_confidence": 0.95,
        "ci_lower": 11.545392209374127,
        "ci_upper": 13.306957273480391
      },
      "acceptance_rate": {
        "mean": 0.25117920832296625,
        "std": 0.042089872198043506,
        "median": 0.2553191489361702,
        "min": 0.17804154302670624,
        "max": 0.30708661417322836,
        "n_trials": 9,
        "ci_confidence": 0.95,
        "ci_lower": 0.21882606854333186,
        "ci_upper": 0.28353234810260064
      },
      "wall_time": {
        "mean": 10.382177701219916,
        "std": 0.9962873496078878,
        "median": 10.218935176264495,
        "min": 9.172899684868753,
        "max": 12.262527409940958,
        "n_trials": 9,
        "ci_confidence": 0.95,
        "ci_lower": 9.616363451870788,
        "ci_upper": 11.147991950569045
      }
    },
    "specquant_4bit_bs128": {
      "throughput": {
        "mean": 13.20161253354543,
        "std": 3.3420294287625576,
        "median": 11.925543360796771,
        "min": 10.362581326278987,
        "max": 20.95133115490834,
        "n_trials": 9,
        "ci_confidence": 0.95,
        "ci_lower": 10.632701305978607,
        "ci_upper": 15.770523761112255
      },
      "acceptance_rate": {
        "mean": 0.27919356949992985,
        "std": 0.1223082196915767,
        "median": 0.23389830508474577,
        "min": 0.17352941176470588,
        "max": 0.5621301775147929,
        "n_trials": 9,
        "ci_confidence": 0.95,
        "ci_lower": 0.18517914937385138,
        "ci_upper": 0.3732079896260083
      },
      "wall_time": {
        "mean": 10.138484699755079,
        "std": 2.014295115959068,
        "median": 10.733263561036438,
        "min": 6.1093970141373575,
        "max": 12.35213466314599,
        "n_trials": 9,
        "ci_confidence": 0.95,
        "ci_lower": 8.59016041078069,
        "ci_upper": 11.686808988729467
      }
    },